JapaneseName,EnglishName
三土手 大介,Daisuke Midote
宇佐美 清孝,Kiyotaka Usami
福田 祐介,Yusuke Fukuda
伊藤 智,Satoshi Ito
野田 俊彦,Toshihiko Noda
柳川 大貴,Daiki Yanagawa
山下 保樹,Yasuki Yamashita
福島 友佳子,Yukako Fukushima
伊差川 浩之,Hiroyuki Isagawa
近藤 友之,Tomoyuki Kondo
栗原 照久,Akihisa Kurihara
池谷 あや子,Ayako Ikeya
因幡 英昭,Hideaki Inaba
小岩井 雅春,Masaharu Koiwai
松本 健一郎,Kenichiro Matsumoto
児玉 大紀,Daiki Kodama
村野 知永,Tomohisa Murano
富山 春香,Haruka Toyama
長浜 恵美,Megumi Nagahama
小池 和良,Kazuyoshi Koike
小早川 渉,Wataru Kobayakawa
新田 昌和,Masakazu Nitta
中村 仁,Hitoshi Nakamura
長尾 秀和,Hidekazu Nagao
冨永 忠秀,Tadahide Tominaga
原 あずさ,Azusa Hara
山崎 頼子,Yoriko Yamazaki
市川 正光,Masamitsu Ichikawa
角館 武,Kakudate Takeshi
高橋 雅之,Masayuki Takahashi
岸本 洋一,Yoichi Kishimoto
木村 初子,Hatsuko Kimura
久米 真由美,Mayumi Kume
宗安 愛,Ai Muneyasu
石川 和子,Kazuko Ishikawa
瀬川 照枝,Terue Segawa
岡田 美佐,Misa Okada
鈴木 玲,Rei Suzuki
宮田 葵,Aoi Miyata
牟禮 好子,Yoshiko Mure
加藤 みどり,Midori Kato
橋爪 聖子,Seiko Hasizume
藤浪 瑠璃,Ruri Fujinami
北村 真由美,Mayumi Kitamura
西村 義人,Yoshito Nishimura
芦原 徹,Toru Ashihara
大谷 憲弘,Norihiro Otani
濱田 展行,Nobuyuki Hamada
笹倉 伯文,Michifumi Sasakura
荒川 孝行,Takayuki Arakawa
井上 雄介,Yusuke Inoue
蛯原 孝晴,Takaharu Ebihara
渕上 靖貴,Yasutaka Fuchigami
比嘉 善浩,Yoshihiro Higa
山本 進吾,Shingo Yamamoto
松澤 孝信,Takanobu Matsuzawa
武田 裕介,Yusuke Takeda
西川 洋祐,Yosuke Nishikawa
堀口 耀介,Yosuke Horiguchi
横田 正敏,Masatoshi Yokota
古屋 典子,Noriko Furuya
福島 勇輝,Yuki Fukushima
佐藤 義宏,Yoshihiro Sato
水野 貴章,Takaaki Mizuno
阿久津 貴史,Takahito Akutsu
間嶋 秀伍,Shugo Majima
伊藤 永太,Eita Ito
酒巻 依子,Yoriko Sakamaki
加藤 幸枝,Yukie Kato
照屋 利恵,Rie Teruya
可児 理恵,Rie Kani
前野 由衣,Yui Maeno
山本 俊樹,Toshiki Yamamoto
佐竹 優典,Masanori Satake
久保 匡平,Kyohei Kubo
佐野 誓建,Seiken Sano
岡田 有加,Yuka Okado
海老田 旭,Akira Ebizo
山川 健,Ken Yamakawa
奥田 博之,Hiroyuki Okuda
柳田 和也,Kazuya Yanagida
羽田 久,Hisa Haneda
大城 新順,Shinjun Oshiro
三島 忠,Tadashi Mishima
大谷 進,Susumi Otani
平野 芳雄,Yoshio Hirano
馬籠 徹,Toru Magome
佐藤 俊彦,Toshihiko Sato
古城 資久,Motohisa Kojo
大瀧 順巳,Masami Otaki
浜山 久雄,Hisao Hamayama
段安 忠信,Tadanobu Danyasu
菅谷 道夫,Michio Sugaya
山本 茂樹,Shigeki Yamamoto
白川 猛士,Takeshi Shirakawa
佃 忠和,Tadakazu Tsukuda
今泉 春樹,Haruki Imaizumi
飯田 康士,Yasushi Iida
三谷 幹雄,Mikio Mitani
佐藤 恵二,Keiji Sato
赤川 智子,Tomoko Akagawa
加藤 幸枝,Yukie Kato
木内 陽介,Yosuke Kiuchi
大室 豪槻,Goki Omuro
大室 豪樹,Goki Omuro
小早川 渉,Wataru Kobayakawa
可児 遥,Haruka Kani
大西 翔子,Shoko Onishi
山田 真哉,Masaya Yamada
ファルキ アブドゥルアズィーズ,Falki Abdulaziz
大島 逸生,Ikki Oshima
デヴィン マクドナルド,Devin McDonald
鈴木 佑輔,Yusuke Suzuki
落合 広樹,Hiroki Ochai
古川 潤,Jun Furukawa
武田 祐介,Yusuke Takeda
山川 太希,Taiki Yamakawa
木下 進人,Shinto Kinoshita
手崎 勝夫,Katsuo Tesaki
柴田 道郎,Michio Shibata
須藤 健介,Kensuke Suto
菊地 雅,Miyabi Kikuchi
信田 泰宏,Yasuhiro Shida
横山 恭平,Kyohei Yokoyama